{"leader":{"freqtweet":21.04,"moylike":0.7870722433460076,"moyhash":1.5551330798479088},"suiveur":{"freqtweet":0,"moylike":null,"moyhash":null}}
