{"leader":{"freqtweet":213.8,"moylike":0.8255378858746492,"moyhash":1.1316651075771749},"suiveur":{"freqtweet":0,"moylike":null,"moyhash":null}}
