{"leader":{"freqtweet":210.45,"moylike":0.8258493703967689,"moyhash":1.3159895462105013},"suiveur":{"freqtweet":0,"moylike":null,"moyhash":null}}
