{"leader":{"freqtweet":215.9,"moylike":0.7878647522000927,"moyhash":1.3605836035201482},"suiveur":{"freqtweet":0,"moylike":null,"moyhash":null}}
