{"leader":{"freqtweet":21.4,"moylike":0.7710280373831776,"moyhash":1.266355140186916},"suiveur":{"freqtweet":0,"moylike":null,"moyhash":null}}
