{"leader":{"freqtweet":210.6,"moylike":0.8207502374169041,"moyhash":1.205128205128205},"suiveur":{"freqtweet":0,"moylike":null,"moyhash":null}}
